{
  "INFO": {
    "failedjobs": 0,
    "size": 1
  },
  "CSV_FILE": "/services/SignalP-6.0/tmp/646EFECA00006BC38CFE4ED7/prediction_results.txt",
  "MATURE_FILE": "/services/SignalP-6.0/tmp/646EFECA00006BC38CFE4ED7/processed_entries.fasta",
  "GFF_FILE": "/services/SignalP-6.0/tmp/646EFECA00006BC38CFE4ED7/output.gff3",
  "ZIP_FILE": "/services/SignalP-6.0/tmp/646EFECA00006BC38CFE4ED7/output_all_results.zip",
  "SEQUENCES": {
    "Sequence": {
      "Name": "Sequence",
      "Plot_eps": "/services/SignalP-6.0/tmp/646EFECA00006BC38CFE4ED7/output_Sequence_plot.eps",
      "Plot_png": "/services/SignalP-6.0/tmp/646EFECA00006BC38CFE4ED7/output_Sequence_plot.png",
      "Plot_txt": "/services/SignalP-6.0/tmp/646EFECA00006BC38CFE4ED7/output_Sequence_plot.txt",
      "Prediction": "Signal Peptide (Sec/SPI)",
      "Likelihood": [
        0.0003,
        0.9997
      ],
      "Protein_types": [
        "Other",
        "Signal Peptide (Sec/SPI)"
      ],
      "CS_pos": "Cleavage site between pos. 16 and 17. Probability 0.972596"
    }
  },
  "FORMAT": "long",
  "ORG": "eukarya",
  "MODE": "fast",
  "REGION_GFF_FILE": "/services/SignalP-6.0/tmp/646EFECA00006BC38CFE4ED7/region_output.gff3"
}